{
  "type": "FeatureCollection",
  "name": "Anjongan's Village",
  "crs": {
    "type": "name",
    "properties": { "name": "urn:ogc:def:crs:OGC:1.3:CRS84" }
  },
  "features": [
    {
      "type": "Feature",
      "properties": {
        "country_code": "id",
        "country": "Indonesia",
        "province_code": "id61",
        "province": "Kalimantan Barat",
        "regency_code": "id6104",
        "regency": "Mempawah",
        "district_code": "id6104091",
        "district": "Anjongan",
        "village_code": "id6104091003",
        "village": "Anjungan Dalam",
        "source": "HDX-BPS-2020",
        "date": "2019-12-20",
        "valid_on": "2020-04-01"
      },
      "geometry": {
        "type": "MultiPolygon",
        "coordinates": [
          [
            [
              [109.09273040000005, 0.425470400000052],
              [109.09269740000008, 0.424910200000056],
              [109.09249330000006, 0.423838400000022],
              [109.09228910000007, 0.422817700000053],
              [109.09228910000007, 0.422052200000053],
              [109.09228910000007, 0.421133500000053],
              [109.09259540000005, 0.420214900000076],
              [109.09310570000008, 0.420010700000034],
              [109.09336090000005, 0.419347300000027],
              [109.093463, 0.418888],
              [109.093514, 0.418428600000027],
              [109.09366710000006, 0.417918300000053],
              [109.09412640000005, 0.41751],
              [109.094994, 0.417305800000065],
              [109.09591270000004, 0.416948600000069],
              [109.09652510000006, 0.417101700000046],
              [109.09672930000005, 0.417969300000038],
              [109.09678030000003, 0.419245200000034],
              [109.09683130000008, 0.420265900000061],
              [109.09678030000003, 0.421235600000045],
              [109.09672930000005, 0.421694900000034],
              [109.09693340000007, 0.422001100000045],
              [109.09754580000003, 0.421950100000061],
              [109.09795410000004, 0.42128660000003],
              [109.09846450000003, 0.421388700000023],
              [109.099179, 0.421746],
              [109.10004660000004, 0.421899100000076],
              [109.10071010000007, 0.421899100000076],
              [109.10142460000009, 0.421746],
              [109.10157770000006, 0.421184600000061],
              [109.10132250000004, 0.420623200000023],
              [109.10050590000009, 0.420112800000027],
              [109.09968930000008, 0.419704500000023],
              [109.09933210000008, 0.418888],
              [109.09923, 0.417765200000019],
              [109.09979140000007, 0.417050700000061],
              [109.10055690000007, 0.417152700000031],
              [109.10076110000006, 0.417918300000053],
              [109.10081210000004, 0.418836900000031],
              [109.10122040000005, 0.419551400000046],
              [109.102037, 0.419959700000049],
              [109.10321080000006, 0.420214900000076],
              [109.10367010000004, 0.420725200000049],
              [109.10438460000006, 0.421235600000045],
              [109.10509910000007, 0.421031500000026],
              [109.10591570000008, 0.420980400000076],
              [109.10693640000005, 0.420980400000076],
              [109.10785510000005, 0.421031500000026],
              [109.10846750000007, 0.421031500000026],
              [109.10892680000006, 0.420368],
              [109.10872270000004, 0.419908700000065],
              [109.10800820000009, 0.419245200000034],
              [109.10765090000007, 0.41827550000005],
              [109.10708950000009, 0.417714100000069],
              [109.10668120000008, 0.417356900000073],
              [109.10657920000006, 0.416744400000027],
              [109.10719160000008, 0.416693400000042],
              [109.10785510000005, 0.417050700000061],
              [109.10800820000009, 0.417101700000046],
              [109.10846750000007, 0.417101700000046],
              [109.10928410000008, 0.416897600000027],
              [109.10943720000006, 0.416132],
              [109.10953920000009, 0.414907200000073],
              [109.10974340000007, 0.414192700000058],
              [109.11045790000009, 0.414090600000065],
              [109.11127450000004, 0.414498900000069],
              [109.11204, 0.415111300000035],
              [109.11260140000007, 0.415927900000042],
              [109.11260140000007, 0.41659130000005],
              [109.11234620000005, 0.416693400000042],
              [109.11158070000005, 0.416693400000042],
              [109.11086620000009, 0.416897600000027],
              [109.11081510000008, 0.417407900000057],
              [109.11091720000007, 0.418122400000073],
              [109.11168280000004, 0.418632800000069],
              [109.11249930000008, 0.418734800000038],
              [109.11362210000004, 0.418734800000038],
              [109.11438760000004, 0.418939],
              [109.11500010000009, 0.419500400000061],
              [109.11551040000006, 0.419653500000038],
              [109.11576560000009, 0.419398300000069],
              [109.11540840000004, 0.418836900000031],
              [109.11505110000007, 0.41827550000005],
              [109.11500010000009, 0.417816200000061],
              [109.11551040000006, 0.41684650000002],
              [109.11612290000005, 0.416795500000035],
              [109.11688840000005, 0.416693400000042],
              [109.117756, 0.416387200000031],
              [109.11841950000007, 0.416081],
              [109.11892980000005, 0.415723700000058],
              [109.11908290000008, 0.415315400000054],
              [109.11954230000003, 0.415519600000039],
              [109.11974640000005, 0.416183100000069],
              [109.12015470000006, 0.416693400000042],
              [109.12076710000008, 0.416693400000042],
              [109.12117540000008, 0.416336200000046],
              [109.12168580000008, 0.416081],
              [109.12219610000005, 0.416081],
              [109.12229820000005, 0.415621700000031],
              [109.12229820000005, 0.41506030000005],
              [109.12173680000006, 0.414805100000024],
              [109.12122640000007, 0.414703],
              [109.12112440000004, 0.413988500000073],
              [109.12158370000009, 0.413478200000043],
              [109.12265540000004, 0.413427100000035],
              [109.12326790000009, 0.413325],
              [109.12377820000006, 0.412457400000051],
              [109.12398240000005, 0.411283600000047],
              [109.12418650000006, 0.410824300000058],
              [109.12421850000004, 0.410803],
              [109.12314350000008, 0.406503],
              [109.12204080000004, 0.405400300000053],
              [109.120938, 0.400621700000045],
              [109.11799730000007, 0.389961700000072],
              [109.11836490000007, 0.384080300000051],
              [109.11836490000007, 0.376361100000054],
              [109.11799730000007, 0.367539],
              [109.11726220000008, 0.35099770000005],
              [109.10991050000007, 0.330413],
              [109.10476430000006, 0.316812300000038],
              [109.10420120000003, 0.314962100000059],
              [109.10329670000004, 0.31553770000005],
              [109.10091860000006, 0.31553770000005],
              [109.09873870000007, 0.31553770000005],
              [109.09774790000006, 0.31692490000006],
              [109.09655880000008, 0.318113900000071],
              [109.09616250000005, 0.321086500000035],
              [109.09457710000004, 0.321879200000069],
              [109.09457710000004, 0.323068200000023],
              [109.09299170000008, 0.329806],
              [109.09338810000008, 0.33258040000004],
              [109.09338810000008, 0.334760300000028],
              [109.09358620000006, 0.339318300000059],
              [109.09354430000008, 0.339444200000059],
              [109.09279360000005, 0.341696300000024],
              [109.09160450000007, 0.342687200000057],
              [109.09041550000006, 0.344074400000068],
              [109.08962280000009, 0.349821400000053],
              [109.09061370000006, 0.352992100000051],
              [109.09140640000004, 0.355766500000072],
              [109.09120820000004, 0.358937200000071],
              [109.09101, 0.362306200000035],
              [109.09140640000004, 0.364486],
              [109.08813650000008, 0.366566900000066],
              [109.08972190000009, 0.371719300000052],
              [109.08615480000009, 0.377268100000038],
              [109.08199320000006, 0.381627900000069],
              [109.08020970000007, 0.383609600000057],
              [109.08020970000007, 0.386185800000021],
              [109.08258770000003, 0.390743800000052],
              [109.08357860000007, 0.393914500000051],
              [109.08417310000004, 0.396490800000038],
              [109.088731, 0.398274300000026],
              [109.09011820000006, 0.40045420000007],
              [109.09091090000004, 0.402634100000057],
              [109.09091090000004, 0.404417600000045],
              [109.09170360000007, 0.406003],
              [109.09384880000005, 0.409435300000041],
              [109.09384960000006, 0.409461400000055],
              [109.09391220000003, 0.410589300000026],
              [109.09388090000004, 0.412030500000071],
              [109.09375560000007, 0.413440300000048],
              [109.09334830000006, 0.415226100000041],
              [109.09300360000009, 0.416134700000043],
              [109.092377, 0.417043300000046],
              [109.09149980000007, 0.417951800000026],
              [109.09084190000004, 0.418672400000048],
              [109.09002730000009, 0.420144900000025],
              [109.089902, 0.420865500000048],
              [109.089902, 0.421272800000054],
              [109.08952140000008, 0.421690200000057],
              [109.08959470000008, 0.421797400000059],
              [109.08961590000007, 0.422215400000027],
              [109.08964430000009, 0.422527100000025],
              [109.08964430000009, 0.422697200000073],
              [109.08963720000008, 0.423016],
              [109.089623, 0.423214400000063],
              [109.08967970000003, 0.423490700000059],
              [109.08970810000005, 0.423908700000027],
              [109.08979510000006, 0.42408480000006],
              [109.08994150000007, 0.424450900000068],
              [109.09050290000005, 0.425165400000026],
              [109.09091120000005, 0.425522600000022],
              [109.09157460000006, 0.426033],
              [109.09244230000007, 0.426033],
              [109.09274850000008, 0.425777800000049],
              [109.09273040000005, 0.425470400000052]
            ]
          ]
        ]
      }
    },
    {
      "type": "Feature",
      "properties": {
        "country_code": "id",
        "country": "Indonesia",
        "province_code": "id61",
        "province": "Kalimantan Barat",
        "regency_code": "id6104",
        "regency": "Mempawah",
        "district_code": "id6104091",
        "district": "Anjongan",
        "village_code": "id6104091002",
        "village": "Anjungan Melancar",
        "source": "HDX-BPS-2020",
        "date": "2019-12-20",
        "valid_on": "2020-04-01"
      },
      "geometry": {
        "type": "MultiPolygon",
        "coordinates": [
          [
            [
              [109.179038, 0.417846900000029],
              [109.18091480000004, 0.417603600000064],
              [109.18117880000005, 0.416349400000058],
              [109.18131080000006, 0.414501100000052],
              [109.17824130000008, 0.412025700000072],
              [109.17764730000005, 0.40991340000005],
              [109.17804330000007, 0.408395200000029],
              [109.17744920000007, 0.405754700000045],
              [109.17718520000005, 0.404500600000063],
              [109.17685510000007, 0.402520200000026],
              [109.17725120000006, 0.400011800000073],
              [109.17705320000005, 0.397701500000039],
              [109.17824130000008, 0.39638130000003],
              [109.17843940000006, 0.394995100000074],
              [109.17817530000008, 0.392354600000033],
              [109.17969360000006, 0.390572400000053],
              [109.17982640000008, 0.390589700000021],
              [109.173135, 0.374890700000037],
              [109.17387020000007, 0.369009400000039],
              [109.176933, 0.360433700000044],
              [109.17754610000009, 0.358717],
              [109.17753090000008, 0.358690500000023],
              [109.17607570000007, 0.356143900000063],
              [109.16945920000006, 0.349159800000052],
              [109.16788750000006, 0.348434400000031],
              [109.16468060000005, 0.34695430000005],
              [109.15291790000003, 0.339602600000035],
              [109.14997720000008, 0.326737100000059],
              [109.14446340000006, 0.312033700000029],
              [109.14396750000009, 0.310793900000021],
              [109.141903, 0.311413200000061],
              [109.137568, 0.313580700000045],
              [109.13203150000004, 0.314745],
              [109.12886080000004, 0.31533950000005],
              [109.12608640000008, 0.315735800000027],
              [109.123312, 0.316528500000061],
              [109.117565, 0.316132200000027],
              [109.11082720000007, 0.316132200000027],
              [109.10904360000006, 0.315934],
              [109.10693890000005, 0.314580900000067],
              [109.10626920000004, 0.314150500000039],
              [109.10547650000007, 0.314150500000039],
              [109.10420120000003, 0.314962100000059],
              [109.10476430000006, 0.316812300000038],
              [109.10991050000007, 0.330413],
              [109.11726220000008, 0.35099770000005],
              [109.11799730000007, 0.367539],
              [109.11836490000007, 0.376361100000054],
              [109.11836490000007, 0.384080300000051],
              [109.11799730000007, 0.389961700000072],
              [109.120938, 0.400621700000045],
              [109.12204080000004, 0.405400300000053],
              [109.12314350000008, 0.406503],
              [109.12421850000004, 0.410803],
              [109.12426790000006, 0.410650700000076],
              [109.12444120000004, 0.410627600000055],
              [109.12461450000006, 0.41073160000002],
              [109.12492650000007, 0.410824],
              [109.12523850000008, 0.410835500000076],
              [109.12566610000005, 0.410812400000054],
              [109.12588560000006, 0.410662200000047],
              [109.126186, 0.410234700000046],
              [109.12632470000005, 0.40994580000006],
              [109.12640560000006, 0.409633800000051],
              [109.12640560000006, 0.409344900000065],
              [109.126394, 0.408801800000049],
              [109.12644030000007, 0.40846670000002],
              [109.126602, 0.408085400000061],
              [109.126914, 0.407912100000033],
              [109.12735310000005, 0.407865800000025],
              [109.12767670000005, 0.407681],
              [109.12788470000004, 0.407507600000031],
              [109.128058, 0.407276500000023],
              [109.12828910000007, 0.407057],
              [109.12845090000008, 0.406837400000029],
              [109.12863580000004, 0.406756500000029],
              [109.12898240000004, 0.406791200000043],
              [109.129098, 0.407068500000037],
              [109.12902860000008, 0.407369],
              [109.12879750000008, 0.407727200000068],
              [109.12860110000008, 0.408085400000061],
              [109.12861260000005, 0.40854760000002],
              [109.12870510000005, 0.40904450000005],
              [109.12873980000006, 0.409425800000065],
              [109.12895930000008, 0.409633800000051],
              [109.12929440000005, 0.409807100000023],
              [109.12937530000005, 0.410038200000031],
              [109.12937530000005, 0.410304],
              [109.12935220000008, 0.410881800000027],
              [109.12941, 0.41124],
              [109.129618, 0.411367100000064],
              [109.12990680000007, 0.411297800000057],
              [109.13016110000007, 0.411032],
              [109.13039220000007, 0.410650700000076],
              [109.130577, 0.410396400000025],
              [109.13075040000007, 0.410257800000068],
              [109.13105920000004, 0.41008510000006],
              [109.13149060000006, 0.409961800000076],
              [109.131963, 0.409838600000057],
              [109.13247660000007, 0.409879700000033],
              [109.13299020000005, 0.410249400000055],
              [109.13356540000007, 0.410906800000021],
              [109.13428440000007, 0.411235500000032],
              [109.13490060000004, 0.411584700000049],
              [109.13568130000004, 0.411646300000029],
              [109.13625650000006, 0.411687400000062],
              [109.13685220000008, 0.411625800000024],
              [109.13746850000007, 0.411276600000065],
              [109.13781770000008, 0.410865700000045],
              [109.13792040000004, 0.410598700000037],
              [109.13829020000009, 0.410290500000031],
              [109.13890650000008, 0.409941300000071],
              [109.13968710000006, 0.409941300000071],
              [109.14052930000008, 0.410064600000055],
              [109.14126890000006, 0.410516500000028],
              [109.141803, 0.410783600000059],
              [109.14225490000007, 0.411030100000062],
              [109.14260420000005, 0.411399800000027],
              [109.14307660000009, 0.411851800000022],
              [109.14365180000004, 0.411872300000027],
              [109.14414490000007, 0.411831200000051],
              [109.14451460000004, 0.411995600000068],
              [109.14488440000008, 0.412242100000071],
              [109.14525420000007, 0.412447500000042],
              [109.14582940000008, 0.412406400000066],
              [109.14613750000007, 0.412180500000034],
              [109.146158, 0.411790100000076],
              [109.14613750000007, 0.411440900000059],
              [109.14613750000007, 0.411009500000034],
              [109.14613750000007, 0.410598700000037],
              [109.14619910000005, 0.410249400000055],
              [109.14628130000006, 0.410023500000023],
              [109.14646620000008, 0.409920800000066],
              [109.14671270000008, 0.409818],
              [109.14702080000006, 0.410023500000023],
              [109.14726740000003, 0.410290500000031],
              [109.14743170000008, 0.410598700000037],
              [109.14749330000006, 0.410947900000053],
              [109.14780150000007, 0.411194400000056],
              [109.148315, 0.411338200000046],
              [109.14878750000008, 0.411338200000046],
              [109.14934220000004, 0.411338200000046],
              [109.14967080000008, 0.411482],
              [109.15028710000007, 0.411708],
              [109.15084180000008, 0.411708],
              [109.151191, 0.411523100000068],
              [109.15137590000006, 0.411523100000068],
              [109.151684, 0.411708],
              [109.15172510000008, 0.412180500000034],
              [109.15166350000004, 0.412550200000055],
              [109.15135530000003, 0.41292],
              [109.15100610000007, 0.413351400000067],
              [109.15086230000009, 0.413659500000051],
              [109.15098560000007, 0.413906],
              [109.15125260000008, 0.414111500000047],
              [109.15129370000005, 0.414440200000058],
              [109.15135530000003, 0.414809900000023],
              [109.151417, 0.415179700000067],
              [109.15164290000007, 0.415487800000051],
              [109.15197160000008, 0.415693300000044],
              [109.15254680000004, 0.415693300000044],
              [109.15291660000008, 0.41563160000004],
              [109.15324530000004, 0.415405700000065],
              [109.15326580000004, 0.415077],
              [109.15330690000008, 0.414686700000061],
              [109.15330690000008, 0.414234700000065],
              [109.15336850000006, 0.413885500000049],
              [109.15353290000007, 0.413556800000038],
              [109.15382050000005, 0.413351400000067],
              [109.15410810000009, 0.413207600000021],
              [109.15443680000004, 0.413146],
              [109.15484760000004, 0.413084300000037],
              [109.15546390000009, 0.413084300000037],
              [109.15589530000005, 0.413104900000064],
              [109.15603910000004, 0.413351400000067],
              [109.15603910000004, 0.413700600000027],
              [109.15581310000005, 0.414070400000071],
              [109.15571040000009, 0.414399100000026],
              [109.15546390000009, 0.414789400000075],
              [109.15544330000006, 0.415077],
              [109.15573090000004, 0.415446700000075],
              [109.15603910000004, 0.415652200000068],
              [109.15626510000004, 0.415508400000022],
              [109.15651160000004, 0.415138600000034],
              [109.15681970000009, 0.414809900000023],
              [109.15718950000007, 0.414727800000037],
              [109.15784680000007, 0.414584],
              [109.15846310000006, 0.414645600000028],
              [109.15891510000006, 0.414768800000047],
              [109.15938750000004, 0.415138600000034],
              [109.15992170000004, 0.415652200000068],
              [109.16016820000004, 0.416104100000041],
              [109.160312, 0.416576600000042],
              [109.16039410000008, 0.417151800000056],
              [109.16041470000005, 0.417768100000046],
              [109.16055850000004, 0.418261100000052],
              [109.16096930000003, 0.418569200000036],
              [109.16131860000007, 0.418856800000071],
              [109.16164720000006, 0.419247100000064],
              [109.16209920000006, 0.419658],
              [109.16251, 0.419863400000054],
              [109.16324960000009, 0.420212700000036],
              [109.16366040000008, 0.42052080000002],
              [109.164174, 0.420541300000025],
              [109.164667, 0.420623500000033],
              [109.16509840000003, 0.42097270000005],
              [109.16536550000006, 0.421342500000037],
              [109.165612, 0.421732800000029],
              [109.16573520000009, 0.42199990000006],
              [109.16595880000006, 0.422347700000046],
              [109.16824080000004, 0.422224300000039],
              [109.17167330000007, 0.42103620000006],
              [109.17404970000007, 0.421366200000023],
              [109.17563390000004, 0.419848],
              [109.17735020000003, 0.418065700000056],
              [109.179038, 0.417846900000029]
            ]
          ]
        ]
      }
    },
    {
      "type": "Feature",
      "properties": {
        "country_code": "id",
        "country": "Indonesia",
        "province_code": "id61",
        "province": "Kalimantan Barat",
        "regency_code": "id6104",
        "regency": "Mempawah",
        "district_code": "id6104091",
        "district": "Anjongan",
        "village_code": "id6104091005",
        "village": "Dema",
        "source": "HDX-BPS-2020",
        "date": "2019-12-20",
        "valid_on": "2020-04-01"
      },
      "geometry": {
        "type": "MultiPolygon",
        "coordinates": [
          [
            [
              [109.20659450000005, 0.391278200000045],
              [109.20705490000006, 0.391199500000027],
              [109.21134560000007, 0.390275300000042],
              [109.21563620000006, 0.390407300000049],
              [109.21801260000007, 0.388757100000021],
              [109.21926680000007, 0.385786600000074],
              [109.22062, 0.382189],
              [109.22101610000004, 0.379746700000055],
              [109.226759, 0.377106200000071],
              [109.22953140000004, 0.375125900000057],
              [109.23336, 0.375191900000061],
              [109.23567040000006, 0.376182100000051],
              [109.23916890000004, 0.376116100000047],
              [109.239967, 0.375850100000036],
              [109.24293150000005, 0.374861900000042],
              [109.24464780000005, 0.371891400000038],
              [109.24207340000004, 0.366544600000054],
              [109.24190840000006, 0.362617],
              [109.24217240000007, 0.361362800000052],
              [109.24266050000006, 0.359487400000035],
              [109.24288870000004, 0.358610700000042],
              [109.24342660000008, 0.356544],
              [109.24461480000008, 0.35139520000007],
              [109.24864140000005, 0.34505820000004],
              [109.24910350000005, 0.341625700000066],
              [109.24871850000005, 0.338545700000054],
              [109.24803620000006, 0.338781900000072],
              [109.24716930000005, 0.338878200000067],
              [109.24639870000004, 0.339263500000072],
              [109.24591710000004, 0.339263500000072],
              [109.24184740000004, 0.340058100000022],
              [109.23857250000009, 0.34106950000006],
              [109.23671690000003, 0.34120960000007],
              [109.23601990000009, 0.341262200000074],
              [109.23529750000006, 0.341647400000056],
              [109.23500850000005, 0.340828700000031],
              [109.23505670000009, 0.339480200000025],
              [109.23505670000009, 0.338517],
              [109.23508270000008, 0.337813600000061],
              [109.23510480000004, 0.337216600000033],
              [109.23524930000008, 0.334953],
              [109.23553830000009, 0.33346],
              [109.23568280000006, 0.331774400000029],
              [109.23573090000008, 0.328547600000036],
              [109.235748, 0.328274200000067],
              [109.23572760000008, 0.328279700000053],
              [109.23434980000007, 0.32919830000003],
              [109.23251960000005, 0.330584800000054],
              [109.23131860000007, 0.331494600000042],
              [109.22810370000008, 0.333331700000031],
              [109.22507250000007, 0.334434],
              [109.22103090000007, 0.335444400000029],
              [109.21726490000009, 0.33645480000007],
              [109.21561150000008, 0.337281500000074],
              [109.21414180000005, 0.3382],
              [109.21221290000005, 0.339302300000043],
              [109.20922080000008, 0.339830300000074],
              [109.20908980000007, 0.339853400000038],
              [109.20903920000006, 0.339862100000062],
              [109.20881420000006, 0.340037100000075],
              [109.20780380000008, 0.341414900000075],
              [109.20762010000004, 0.34297650000002],
              [109.20651790000005, 0.344905400000073],
              [109.20477260000007, 0.346466900000053],
              [109.20321110000003, 0.347844800000075],
              [109.20017990000008, 0.35014110000003],
              [109.19806720000008, 0.35179450000004],
              [109.19613830000009, 0.352804900000024],
              [109.18970850000005, 0.354917600000022],
              [109.18695280000009, 0.356479100000058],
              [109.184289, 0.358040600000038],
              [109.18125780000008, 0.35960220000004],
              [109.179237, 0.359969600000056],
              [109.17795110000009, 0.360245100000043],
              [109.176933, 0.360433700000044],
              [109.17387020000007, 0.369009400000039],
              [109.173135, 0.374890700000037],
              [109.17982640000008, 0.390589700000021],
              [109.18121180000009, 0.390770400000065],
              [109.18469160000006, 0.391487600000062],
              [109.18553550000007, 0.391661500000055],
              [109.18672370000007, 0.391067400000054],
              [109.19081630000005, 0.390407300000049],
              [109.19339070000007, 0.390935400000046],
              [109.19444690000006, 0.391727500000059],
              [109.19787940000003, 0.391925600000036],
              [109.20203810000004, 0.392057600000044],
              [109.20659450000005, 0.391278200000045]
            ]
          ]
        ]
      }
    },
    {
      "type": "Feature",
      "properties": {
        "country_code": "id",
        "country": "Indonesia",
        "province_code": "id61",
        "province": "Kalimantan Barat",
        "regency_code": "id6104",
        "regency": "Mempawah",
        "district_code": "id6104091",
        "district": "Anjongan",
        "village_code": "id6104091006",
        "village": "Kepayang",
        "source": "HDX-BPS-2020",
        "date": "2019-12-20",
        "valid_on": "2020-04-01"
      },
      "geometry": {
        "type": "MultiPolygon",
        "coordinates": [
          [
            [
              [
                109.18377484600006,
                0.361059020000027,
                0.0
              ],
              [
                109.18393118500006,
                0.361001630000032,
                0.0
              ],
              [
                109.18408752300007,
                0.360944240000038,
                0.0
              ],
              [
                109.18425864600005,
                0.360914500000035,
                0.0
              ],
              [
                109.18442976800009,
                0.360884758000054,
                0.0
              ],
              [
                109.18460089000007,
                0.360855018000052,
                0.0
              ],
              [
                109.18477201300004,
                0.360825276000071,
                0.0
              ],
              [
                109.18493933300005,
                0.360791282000037,
                0.0
              ],
              [
                109.18510665300005,
                0.360757288000059,
                0.0
              ],
              [
                109.18527397200006,
                0.360723293000035,
                0.0
              ],
              [
                109.18544129200006,
                0.360689299000057,
                0.0
              ],
              [
                109.18560861200007,
                0.360655305000023,
                0.0
              ],
              [
                109.18576410700007,
                0.360599192000052,
                0.0
              ],
              [
                109.18591960100008,
                0.360543078000035,
                0.0
              ],
              [
                109.18607509600008,
                0.360486965000064,
                0.0
              ],
              [
                109.18623059000004,
                0.360430851000046,
                0.0
              ],
              [
                109.18638608500004,
                0.360374738000075,
                0.0
              ],
              [
                109.18652299200005,
                0.360303306000048,
                0.0
              ],
              [
                109.18665990000005,
                0.360231874000021,
                0.0
              ],
              [
                109.18679680700006,
                0.360160442000051,
                0.0
              ],
              [
                109.18693371500007,
                0.360089010000024,
                0.0
              ],
              [
                109.18707062300007,
                0.360017578000054,
                0.0
              ],
              [
                109.18719739300008,
                0.359932535000041,
                0.0
              ],
              [
                109.18732416400007,
                0.359847492000029,
                0.0
              ],
              [
                109.18745093400008,
                0.359762449000073,
                0.0
              ],
              [
                109.18757939200009,
                0.359682508000049,
                0.0
              ],
              [
                109.18770785100008,
                0.359602567000024,
                0.0
              ],
              [
                109.18783631000008,
                0.359522626000057,
                0.0
              ],
              [
                109.18796476800009,
                0.359442685000033,
                0.0
              ],
              [
                109.18809322700008,
                0.35936274300002,
                0.0
              ],
              [
                109.18822633100007,
                0.359292589000063,
                0.0
              ],
              [
                109.18835943500005,
                0.359222435000049,
                0.0
              ],
              [
                109.18849253900004,
                0.359152281000036,
                0.0
              ],
              [
                109.18862564200003,
                0.359082126000033,
                0.0
              ],
              [
                109.18876592500004,
                0.359032813000056,
                0.0
              ],
              [
                109.18890620700006,
                0.358983500000022,
                0.0
              ],
              [
                109.18904649000007,
                0.358934188000035,
                0.0
              ],
              [
                109.18918677200008,
                0.358884875000058,
                0.0
              ],
              [
                109.18932705500004,
                0.358835562000024,
                0.0
              ],
              [
                109.18948057300008,
                0.358805817000075,
                0.0
              ],
              [
                109.18963409200006,
                0.358776073000058,
                0.0
              ],
              [
                109.18978760900006,
                0.358746329000041,
                0.0
              ],
              [
                109.18994112700005,
                0.358716584000035,
                0.0
              ],
              [
                109.19009464600003,
                0.358686841000065,
                0.0
              ],
              [
                109.19024816400008,
                0.358657096000059,
                0.0
              ],
              [
                109.19040027100004,
                0.358642949000057,
                0.0
              ],
              [
                109.19055237700007,
                0.358628801000066,
                0.0
              ],
              [
                109.19070448300005,
                0.358614654000064,
                0.0
              ],
              [
                109.19085659000007,
                0.358600507000062,
                0.0
              ],
              [
                109.19100869600004,
                0.358586360000061,
                0.0
              ],
              [
                109.19116080300006,
                0.358572213000059,
                0.0
              ],
              [
                109.19132643100005,
                0.358556932000056,
                0.0
              ],
              [
                109.19149205900004,
                0.358541652000042,
                0.0
              ],
              [
                109.19165768700009,
                0.358526372000028,
                0.0
              ],
              [
                109.19182331500008,
                0.358511092000072,
                0.0
              ],
              [
                109.19198894300007,
                0.358495812000058,
                0.0
              ],
              [
                109.19214274000007,
                0.358477128000061,
                0.0
              ],
              [
                109.19229653700006,
                0.358458443000075,
                0.0
              ],
              [
                109.19245033400006,
                0.358439759000021,
                0.0
              ],
              [
                109.19260413100005,
                0.358421075000024,
                0.0
              ],
              [
                109.19275792800005,
                0.358402390000037,
                0.0
              ],
              [
                109.19290158800004,
                0.358370516000036,
                0.0
              ],
              [
                109.19304524800003,
                0.358338642000035,
                0.0
              ],
              [
                109.19318890800008,
                0.358306767000045,
                0.0
              ],
              [
                109.19333256800007,
                0.358274893000043,
                0.0
              ],
              [
                109.19345088700004,
                0.358189846000073,
                0.0
              ],
              [
                109.19356920700005,
                0.358104800000035,
                0.0
              ],
              [
                109.19364809500007,
                0.358002731000056,
                0.0
              ],
              [
                109.19372698500007,
                0.357900663000066,
                0.0
              ],
              [
                109.19380587300009,
                0.35779859500002,
                0.0
              ],
              [
                109.19467614300004,
                0.351457754000023,
                0.0
              ],
              [
                109.19609588800006,
                0.346215009000048,
                0.0
              ],
              [
                109.19607209300005,
                0.345072867000056,
                0.0
              ],
              [
                109.19621277100003,
                0.339473996000038,
                0.0
              ],
              [
                109.19629608400004,
                0.337634010000045,
                0.0
              ],
              [
                109.19631036100009,
                0.337448412000072,
                0.0
              ],
              [
                109.19633891400008,
                0.337191430000075,
                0.0
              ],
              [
                109.19638174500005,
                0.336991556000044,
                0.0
              ],
              [
                109.19642457500004,
                0.33680595800007,
                0.0
              ],
              [
                109.19651023600005,
                0.336548976000074,
                0.0
              ],
              [
                109.19668155700003,
                0.336234887000046,
                0.0
              ],
              [
                109.19768093000005,
                0.334607336000033,
                0.0
              ],
              [
                109.19869458100004,
                0.332979784000031,
                0.0
              ],
              [
                109.19962257100008,
                0.331594938000023,
                0.0
              ],
              [
                109.19995093600005,
                0.331095251000022,
                0.0
              ],
              [
                109.20023647200009,
                0.330709779000074,
                0.0
              ],
              [
                109.20132150600006,
                0.329267825000045,
                0.0
              ],
              [
                109.20323459200006,
                0.326883605000035,
                0.0
              ],
              [
                109.20451950100005,
                0.325327438000045,
                0.0
              ],
              [
                109.20717522500007,
                0.322756260000062,
                0.0
              ],
              [
                109.20707232900008,
                0.322685953000075,
                0.0
              ],
              [
                109.20704377500005,
                0.322243373000049,
                0.0
              ],
              [
                109.20713930800008,
                0.321172957000044,
                0.0
              ],
              [
                109.20714723900005,
                0.321033682000063,
                0.0
              ],
              [
                109.20715695500007,
                0.320863033000023,
                0.0
              ],
              [
                109.20717007800005,
                0.320697187000064,
                0.0
              ],
              [
                109.20717084700004,
                0.320690426000056,
                0.0
              ],
              [
                109.20718814300005,
                0.320538310000074,
                0.0
              ],
              [
                109.20720620800006,
                0.320379433000028,
                0.0
              ],
              [
                109.20724296800006,
                0.320221484000058,
                0.0
              ],
              [
                109.20724427800008,
                0.320215854000026,
                0.0
              ],
              [
                109.20728669800008,
                0.320051253000031,
                0.0
              ],
              [
                109.20733093200005,
                0.319886076000046,
                0.0
              ],
              [
                109.20737537700006,
                0.319720833000019,
                0.0
              ],
              [
                109.20741246100005,
                0.319582959000059,
                0.0
              ],
              [
                109.20741982200008,
                0.31955559000005,
                0.0
              ],
              [
                109.20745594900006,
                0.319383193000021,
                0.0
              ],
              [
                109.20749089500003,
                0.31920978100004,
                0.0
              ],
              [
                109.20753123300005,
                0.319039409000027,
                0.0
              ],
              [
                109.20758072200005,
                0.318874201000028,
                0.0
              ],
              [
                109.20762194600007,
                0.318736582000042,
                0.0
              ],
              [
                109.20763021100004,
                0.318708991000051,
                0.0
              ],
              [
                109.20768675900007,
                0.318544719000045,
                0.0
              ],
              [
                109.20774533600007,
                0.318380717000025,
                0.0
              ],
              [
                109.20781598900004,
                0.318220548000056,
                0.0
              ],
              [
                109.20789942000005,
                0.318064438000022,
                0.0
              ],
              [
                109.20798173600008,
                0.31791041300005,
                0.0
              ],
              [
                109.20798285000006,
                0.317908328000044,
                0.0
              ],
              [
                109.20806628100007,
                0.31775221700002,
                0.0
              ],
              [
                109.20815009500006,
                0.31759639400002,
                0.0
              ],
              [
                109.20826802800008,
                0.317466073000048,
                0.0
              ],
              [
                109.20838596100003,
                0.317335754000055,
                0.0
              ],
              [
                109.20850590900005,
                0.31720490500004,
                0.0
              ],
              [
                109.20854571600006,
                0.317162051000025,
                0.0
              ],
              [
                109.20855258200004,
                0.317154659000039,
                0.0
              ],
              [
                109.20862796500006,
                0.317073505000053,
                0.0
              ],
              [
                109.20870263000006,
                0.316987662000031,
                0.0
              ],
              [
                109.20874373300006,
                0.316940406000072,
                0.0
              ],
              [
                109.20877690900005,
                0.316898673000026,
                0.0
              ],
              [
                109.20885130100004,
                0.316805091000049,
                0.0
              ],
              [
                109.20894427200005,
                0.316660158000047,
                0.0
              ],
              [
                109.20899675900006,
                0.316488544000038,
                0.0
              ],
              [
                109.20899097000006,
                0.31630868700006,
                0.0
              ],
              [
                109.20896975800008,
                0.316130576000035,
                0.0
              ],
              [
                109.20890597700009,
                0.315961514000037,
                0.0
              ],
              [
                109.20882558300008,
                0.31580105300003,
                0.0
              ],
              [
                109.20872647800007,
                0.315650279000067,
                0.0
              ],
              [
                109.20862737300007,
                0.315499505000048,
                0.0
              ],
              [
                109.20852110400006,
                0.31535384600005,
                0.0
              ],
              [
                109.20841184400007,
                0.315210325000066,
                0.0
              ],
              [
                109.20830335200009,
                0.315066221000052,
                0.0
              ],
              [
                109.20819715300007,
                0.314920381000036,
                0.0
              ],
              [
                109.20810042900007,
                0.314768556000047,
                0.0
              ],
              [
                109.20801580200003,
                0.314609092000069,
                0.0
              ],
              [
                109.20774568600007,
                0.314109830000064,
                0.0
              ],
              [
                109.20764673800005,
                0.313926941000034,
                0.0
              ],
              [
                109.20763830400006,
                0.313930140000025,
                0.0
              ],
              [
                109.20763541700006,
                0.313930525000046,
                0.0
              ],
              [
                109.20757001400005,
                0.313828231000059,
                0.0
              ],
              [
                109.20745597100006,
                0.313688607000074,
                0.0
              ],
              [
                109.20734192800006,
                0.313548985000068,
                0.0
              ],
              [
                109.20729187700005,
                0.313489206000042,
                0.0
              ],
              [
                109.20722617900009,
                0.313410739000062,
                0.0
              ],
              [
                109.20710911200007,
                0.313273555000023,
                0.0
              ],
              [
                109.20699204500005,
                0.313136371000041,
                0.0
              ],
              [
                109.20698705200004,
                0.313130164000029,
                0.0
              ],
              [
                109.20687899300009,
                0.312995836000027,
                0.0
              ],
              [
                109.20676679200005,
                0.312854591000075,
                0.0
              ],
              [
                109.20665534000005,
                0.312712769000029,
                0.0
              ],
              [
                109.20654921700009,
                0.312566842000024,
                0.0
              ],
              [
                109.20644309400006,
                0.312420914000029,
                0.0
              ],
              [
                109.20633897800008,
                0.312273584000025,
                0.0
              ],
              [
                109.20624038800008,
                0.312122396000063,
                0.0
              ],
              [
                109.20614179700004,
                0.311971208000045,
                0.0
              ],
              [
                109.20606982300006,
                0.31180686700003,
                0.0
              ],
              [
                109.20601129000005,
                0.311635885000044,
                0.0
              ],
              [
                109.20598850500005,
                0.311458316000028,
                0.0
              ],
              [
                109.20598309600007,
                0.311277546000042,
                0.0
              ],
              [
                109.20598056700004,
                0.311096730000031,
                0.0
              ],
              [
                109.20598059800005,
                0.310915873000056,
                0.0
              ],
              [
                109.20597950900009,
                0.31073510300007,
                0.0
              ],
              [
                109.20597455700005,
                0.310554631000059,
                0.0
              ],
              [
                109.20596960600005,
                0.310374159000048,
                0.0
              ],
              [
                109.20594595200004,
                0.310195164000049,
                0.0
              ],
              [
                109.20591980900008,
                0.31001636600007,
                0.0
              ],
              [
                109.20589366700005,
                0.309837567000045,
                0.0
              ],
              [
                109.20584613200003,
                0.309663628000067,
                0.0
              ],
              [
                109.20579196300008,
                0.309491196000067,
                0.0
              ],
              [
                109.20573612600003,
                0.309319422000044,
                0.0
              ],
              [
                109.20565925400007,
                0.309155972000042,
                0.0
              ],
              [
                109.20558177400005,
                0.308992873000022,
                0.0
              ],
              [
                109.20548140200009,
                0.308842990000073,
                0.0
              ],
              [
                109.20537198600005,
                0.30870066600005,
                0.0
              ],
              [
                109.20526720400005,
                0.308595147000062,
                0.0
              ],
              [
                109.20524513000004,
                0.308572918000038,
                0.0
              ],
              [
                109.20510245700007,
                0.308463342000039,
                0.0
              ],
              [
                109.20496286100007,
                0.308349986000053,
                0.0
              ],
              [
                109.20483207600006,
                0.308226023000032,
                0.0
              ],
              [
                109.20474725200006,
                0.308068906000074,
                0.0
              ],
              [
                109.20473054300004,
                0.308031963000076,
                0.0
              ],
              [
                109.20467283100004,
                0.307904366000059,
                0.0
              ],
              [
                109.20457599000008,
                0.307756151000035,
                0.0
              ],
              [
                109.20443779000004,
                0.30764294100004,
                0.0
              ],
              [
                109.20430311200005,
                0.307535101000042,
                0.0
              ],
              [
                109.20421811600005,
                0.307378063000044,
                0.0
              ],
              [
                109.20422886500006,
                0.30720061300002,
                0.0
              ],
              [
                109.20421730500004,
                0.307022424000024,
                0.0
              ],
              [
                109.20414382500007,
                0.30685851800007,
                0.0
              ],
              [
                109.20399837100007,
                0.306754969000053,
                0.0
              ],
              [
                109.20384180300005,
                0.306667545000039,
                0.0
              ],
              [
                109.20375966200004,
                0.306630952000035,
                0.0
              ],
              [
                109.20367752000004,
                0.30659435900003,
                0.0
              ],
              [
                109.20350561400005,
                0.30654613300004,
                0.0
              ],
              [
                109.20332886900007,
                0.306513751000068,
                0.0
              ],
              [
                109.20315103700005,
                0.306488345000048,
                0.0
              ],
              [
                109.20297590300004,
                0.306450293000069,
                0.0
              ],
              [
                109.20280317500004,
                0.306400581000048,
                0.0
              ],
              [
                109.20263777700006,
                0.306331557000021,
                0.0
              ],
              [
                109.20247611500008,
                0.306252691000054,
                0.0
              ],
              [
                109.20232819200004,
                0.306155033000039,
                0.0
              ],
              [
                109.20220534400005,
                0.306023073000063,
                0.0
              ],
              [
                109.20216580500005,
                0.30584854500006,
                0.0
              ],
              [
                109.20213394100006,
                0.30567058500003,
                0.0
              ],
              [
                109.20210856600005,
                0.305491543000073,
                0.0
              ],
              [
                109.20208837200005,
                0.305311852000045,
                0.0
              ],
              [
                109.20206945700005,
                0.305132001000061,
                0.0
              ],
              [
                109.20202952200009,
                0.304956436000055,
                0.0
              ],
              [
                109.20197815300008,
                0.304783202000067,
                0.0
              ],
              [
                109.20192581600008,
                0.304610342000046,
                0.0
              ],
              [
                109.20184905600007,
                0.304446891000055,
                0.0
              ],
              [
                109.20177229700005,
                0.304283441000052,
                0.0
              ],
              [
                109.20168931500007,
                0.304123341000036,
                0.0
              ],
              [
                109.20159618100007,
                0.303968706000035,
                0.0
              ],
              [
                109.20150251900009,
                0.303814413000055,
                0.0
              ],
              [
                109.20140110100004,
                0.303665133000038,
                0.0
              ],
              [
                109.20129968400005,
                0.303515852000032,
                0.0
              ],
              [
                109.20116445900004,
                0.303398809000043,
                0.0
              ],
              [
                109.20101372400006,
                0.303301215000033,
                0.0
              ],
              [
                109.20085741200006,
                0.303212110000061,
                0.0
              ],
              [
                109.20069974900008,
                0.303125457000021,
                0.0
              ],
              [
                109.20054125100006,
                0.303040322000072,
                0.0
              ],
              [
                109.20037550500007,
                0.302975557000025,
                0.0
              ],
              [
                109.20019905100008,
                0.302943117000041,
                0.0
              ],
              [
                109.20001962100008,
                0.302945602000023,
                0.0
              ],
              [
                109.19984270300006,
                0.302977009000074,
                0.0
              ],
              [
                109.19966936100008,
                0.303024391000065,
                0.0
              ],
              [
                109.19949174700008,
                0.303051375000052,
                0.0
              ],
              [
                109.19931911700007,
                0.303036037000027,
                0.0
              ],
              [
                109.19915778200004,
                0.302961435000043,
                0.0
              ],
              [
                109.19910846500005,
                0.302885855000056,
                0.0
              ],
              [
                109.19905914800006,
                0.30281027500007,
                0.0
              ],
              [
                109.19899296000006,
                0.302643714000055,
                0.0
              ],
              [
                109.19892941300009,
                0.302475530000038,
                0.0
              ],
              [
                109.19881718800008,
                0.302343298000039,
                0.0
              ],
              [
                109.19864727600009,
                0.302292330000057,
                0.0
              ],
              [
                109.19846896300004,
                0.302270319000058,
                0.0
              ],
              [
                109.19829208300007,
                0.302238891000059,
                0.0
              ],
              [
                109.19813206800006,
                0.30217784000007,
                0.0
              ],
              [
                109.19802357200007,
                0.302034478000053,
                0.0
              ],
              [
                109.19798545900005,
                0.301952594000056,
                0.0
              ],
              [
                109.19794734600003,
                0.30187070900007,
                0.0
              ],
              [
                109.19780635900008,
                0.301770546000057,
                0.0
              ],
              [
                109.19762803400005,
                0.301751943000056,
                0.0
              ],
              [
                109.19746113200006,
                0.301807489000055,
                0.0
              ],
              [
                109.19730513000007,
                0.301897024000027,
                0.0
              ],
              [
                109.19726077700005,
                0.301924240000062,
                0.0
              ],
              [
                109.19722843000005,
                0.301944088000027,
                0.0
              ],
              [
                109.19715173000009,
                0.301991152000028,
                0.0
              ],
              [
                109.19698512900004,
                0.302058338000052,
                0.0
              ],
              [
                109.19681512900007,
                0.302018962000034,
                0.0
              ],
              [
                109.19667698800004,
                0.301912781000055,
                0.0
              ],
              [
                109.19655951400006,
                0.301775982000038,
                0.0
              ],
              [
                109.19644650400005,
                0.301635394000073,
                0.0
              ],
              [
                109.19632872400007,
                0.301499019000062,
                0.0
              ],
              [
                109.19629677600005,
                0.301465194000059,
                0.0
              ],
              [
                109.19620493200006,
                0.301367956000036,
                0.0
              ],
              [
                109.19608842300005,
                0.301230515000043,
                0.0
              ],
              [
                109.19597666000004,
                0.30108892100003,
                0.0
              ],
              [
                109.19587253800006,
                0.300941542000032,
                0.0
              ],
              [
                109.19576424200005,
                0.300797354000053,
                0.0
              ],
              [
                109.19570773600009,
                0.300727059000053,
                0.0
              ],
              [
                109.19565123100006,
                0.300656765000042,
                0.0
              ],
              [
                109.19553784200008,
                0.300516487000039,
                0.0
              ],
              [
                109.19542403700007,
                0.300376553000035,
                0.0
              ],
              [
                109.19536622300006,
                0.300307346000068,
                0.0
              ],
              [
                109.19530840800007,
                0.300238138000054,
                0.0
              ],
              [
                109.19519278100006,
                0.300099724000063,
                0.0
              ],
              [
                109.19507561000006,
                0.299962648000076,
                0.0
              ],
              [
                109.19495188900004,
                0.299831863000065,
                0.0
              ],
              [
                109.19488524000008,
                0.299771240000041,
                0.0
              ],
              [
                109.19481859000007,
                0.299710617000073,
                0.0
              ],
              [
                109.19469379200007,
                0.299580540000022,
                0.0
              ],
              [
                109.19463150800004,
                0.299515384000074,
                0.0
              ],
              [
                109.19456922200004,
                0.299450227000023,
                0.0
              ],
              [
                109.19443316400009,
                0.299332333000052,
                0.0
              ],
              [
                109.19436417000009,
                0.299274431000072,
                0.0
              ],
              [
                109.19429517500004,
                0.299216527000056,
                0.0
              ],
              [
                109.19413977500005,
                0.299129227000037,
                0.0
              ],
              [
                109.19405731700004,
                0.299093363000054,
                0.0
              ],
              [
                109.19397485900004,
                0.29905750000006,
                0.0
              ],
              [
                109.19381841300009,
                0.298969389000035,
                0.0
              ],
              [
                109.19374192200007,
                0.298921983000071,
                0.0
              ],
              [
                109.19366543000007,
                0.298874577000049,
                0.0
              ],
              [
                109.19352241500007,
                0.298768446000054,
                0.0
              ],
              [
                109.19346648900006,
                0.298697684000047,
                0.0
              ],
              [
                109.19341056200005,
                0.298626922000039,
                0.0
              ],
              [
                109.19329871000008,
                0.298485399000072,
                0.0
              ],
              [
                109.19325422400004,
                0.298316481000029,
                0.0
              ],
              [
                109.19324564200008,
                0.298226467000063,
                0.0
              ],
              [
                109.19323705900007,
                0.298136453000041,
                0.0
              ],
              [
                109.19322832400007,
                0.297955944000023,
                0.0
              ],
              [
                109.19322519900004,
                0.297775116000025,
                0.0
              ],
              [
                109.19322228000004,
                0.29759428400007,
                0.0
              ],
              [
                109.19321985000005,
                0.297413445000075,
                0.0
              ],
              [
                109.19321741900006,
                0.297232606000023,
                0.0
              ],
              [
                109.19319812400005,
                0.297054353000021,
                0.0
              ],
              [
                109.19317254000003,
                0.296967671000061,
                0.0
              ],
              [
                109.19314695600008,
                0.296880989000044,
                0.0
              ],
              [
                109.19306182000008,
                0.296722936000037,
                0.0
              ],
              [
                109.19295997800003,
                0.296575566000058,
                0.0
              ],
              [
                109.19282198900004,
                0.296459761000051,
                0.0
              ],
              [
                109.19268051500006,
                0.29634870700005,
                0.0
              ],
              [
                109.19252996100005,
                0.296250035000071,
                0.0
              ],
              [
                109.19245468500009,
                0.296200699000053,
                0.0
              ],
              [
                109.19237940700003,
                0.296151362000046,
                0.0
              ],
              [
                109.19222625500004,
                0.296057302000065,
                0.0
              ],
              [
                109.19206486000007,
                0.295977875000062,
                0.0
              ],
              [
                109.19198416300009,
                0.295938161000038,
                0.0
              ],
              [
                109.19190346400006,
                0.29589844700007,
                0.0
              ],
              [
                109.19182276700008,
                0.295858734000035,
                0.0
              ],
              [
                109.19174206900004,
                0.295819020000067,
                0.0
              ],
              [
                109.19157843900007,
                0.295744951000074,
                0.0
              ],
              [
                109.19149377200006,
                0.295714754000073,
                0.0
              ],
              [
                109.19140910400006,
                0.295684556000026,
                0.0
              ],
              [
                109.19123977000004,
                0.295624162000024,
                0.0
              ],
              [
                109.19115510200004,
                0.295593965000023,
                0.0
              ],
              [
                109.19107043400004,
                0.295563769000069,
                0.0
              ],
              [
                109.19098576700009,
                0.295533571000021,
                0.0
              ],
              [
                109.19090110000008,
                0.29550337400002,
                0.0
              ],
              [
                109.19073176500007,
                0.295442980000075,
                0.0
              ],
              [
                109.19057316300007,
                0.295358122000039,
                0.0
              ],
              [
                109.19041476700005,
                0.295272796000063,
                0.0
              ],
              [
                109.19025637000004,
                0.295187469000041,
                0.0
              ],
              [
                109.19010345100008,
                0.295092763000071,
                0.0
              ],
              [
                109.18995235200003,
                0.294994940000038,
                0.0
              ],
              [
                109.18982196200005,
                0.29487384600003,
                0.0
              ],
              [
                109.18970884300006,
                0.294733347000033,
                0.0
              ],
              [
                109.18965228300004,
                0.294663098000058,
                0.0
              ],
              [
                109.18959572300008,
                0.294592848000036,
                0.0
              ],
              [
                109.18949284800004,
                0.294445403000054,
                0.0
              ],
              [
                109.18944943800005,
                0.29436623600003,
                0.0
              ],
              [
                109.18940602800006,
                0.294287069000063,
                0.0
              ],
              [
                109.18931920900008,
                0.294128737000051,
                0.0
              ],
              [
                109.18927579900009,
                0.294049571000073,
                0.0
              ],
              [
                109.18923238800005,
                0.293970404000049,
                0.0
              ],
              [
                109.18914556900006,
                0.293812072000037,
                0.0
              ],
              [
                109.18905835700008,
                0.293653960000029,
                0.0
              ],
              [
                109.18897030900007,
                0.293496316000073,
                0.0
              ],
              [
                109.18892628400005,
                0.293417494000039,
                0.0
              ],
              [
                109.18888225900008,
                0.293338672000061,
                0.0
              ],
              [
                109.18879421100007,
                0.293181029000039,
                0.0
              ],
              [
                109.18870616300006,
                0.293023386000073,
                0.0
              ],
              [
                109.18860975700005,
                0.292871174000027,
                0.0
              ],
              [
                109.18855653200006,
                0.292798331000029,
                0.0
              ],
              [
                109.18850330800007,
                0.29272548900002,
                0.0
              ],
              [
                109.18845008300008,
                0.292652647000068,
                0.0
              ],
              [
                109.18839685700004,
                0.29257980400007,
                0.0
              ],
              [
                109.18834363200006,
                0.292506962000061,
                0.0
              ],
              [
                109.18829040700007,
                0.292434119000063,
                0.0
              ],
              [
                109.18818331300008,
                0.292288936000034,
                0.0
              ],
              [
                109.18812668200007,
                0.292218745000071,
                0.0
              ],
              [
                109.18807005100007,
                0.29214855400005,
                0.0
              ],
              [
                109.18795679000004,
                0.29200817100002,
                0.0
              ],
              [
                109.18784352800009,
                0.291867789000037,
                0.0
              ],
              [
                109.18774906600004,
                0.291750707000062,
                0.0
              ],
              [
                109.18773026700006,
                0.291727406000064,
                0.0
              ],
              [
                109.18760879600006,
                0.291594162000024,
                0.0
              ],
              [
                109.18754805000009,
                0.291527550000069,
                0.0
              ],
              [
                109.18748730300007,
                0.291460937000068,
                0.0
              ],
              [
                109.18742655700004,
                0.291394325000056,
                0.0
              ],
              [
                109.18736581000007,
                0.291327713000044,
                0.0
              ],
              [
                109.18730506400004,
                0.291261100000042,
                0.0
              ],
              [
                109.18724431800007,
                0.291194488000031,
                0.0
              ],
              [
                109.18711634100003,
                0.291067800000064,
                0.0
              ],
              [
                109.18705009800004,
                0.29100672800007,
                0.0
              ],
              [
                109.18698385500005,
                0.29094565500003,
                0.0
              ],
              [
                109.18691761300005,
                0.290884583000036,
                0.0
              ],
              [
                109.18685137000006,
                0.290823510000052,
                0.0
              ],
              [
                109.18678512800005,
                0.290762438000058,
                0.0
              ],
              [
                109.18671888500006,
                0.290701366000064,
                0.0
              ],
              [
                109.18665264300006,
                0.29064029400007,
                0.0
              ],
              [
                109.18658640000007,
                0.29057922100003,
                0.0
              ],
              [
                109.18645391500007,
                0.290457077000042,
                0.0
              ],
              [
                109.18631941000007,
                0.290337343000033,
                0.0
              ],
              [
                109.18617743200008,
                0.290226534000055,
                0.0
              ],
              [
                109.18610644400007,
                0.290171129000043,
                0.0
              ],
              [
                109.18603545500008,
                0.290115724000032,
                0.0
              ],
              [
                109.18589347700004,
                0.290004914000065,
                0.0
              ],
              [
                109.18575149900005,
                0.28989410500003,
                0.0
              ],
              [
                109.18568051100004,
                0.289838701000065,
                0.0
              ],
              [
                109.18560952100006,
                0.289783295000063,
                0.0
              ],
              [
                109.18546754400006,
                0.289672486000029,
                0.0
              ],
              [
                109.18538306200008,
                0.289618340000061,
                0.0
              ],
              [
                109.18531663200008,
                0.289575764000062,
                0.0
              ],
              [
                109.18523683700005,
                0.289534243000048,
                0.0
              ],
              [
                109.18515704200007,
                0.289492722000034,
                0.0
              ],
              [
                109.18499745300005,
                0.289409680000063,
                0.0
              ],
              [
                109.18483786300004,
                0.289326639000024,
                0.0
              ],
              [
                109.18467815300005,
                0.289243847000023,
                0.0
              ],
              [
                109.18451489700004,
                0.289168375000031,
                0.0
              ],
              [
                109.18443326900007,
                0.289130638000074,
                0.0
              ],
              [
                109.18435164100003,
                0.28909290100006,
                0.0
              ],
              [
                109.18418838500008,
                0.289017429000069,
                0.0
              ],
              [
                109.18410675700005,
                0.288979692000055,
                0.0
              ],
              [
                109.18402512900008,
                0.288941955000041,
                0.0
              ],
              [
                109.18386087200008,
                0.288868745000059,
                0.0
              ],
              [
                109.18369591000004,
                0.288797131000024,
                0.0
              ],
              [
                109.18353094800005,
                0.288725518000035,
                0.0
              ],
              [
                109.18344846700006,
                0.288689710000028,
                0.0
              ],
              [
                109.18336598600007,
                0.288653903000068,
                0.0
              ],
              [
                109.18320163800007,
                0.288580894000063,
                0.0
              ],
              [
                109.18303820500006,
                0.288505812000039,
                0.0
              ],
              [
                109.18295648800006,
                0.288468271000056,
                0.0
              ],
              [
                109.18287477100006,
                0.288430730000073,
                0.0
              ],
              [
                109.18279305400006,
                0.288393189000033,
                0.0
              ],
              [
                109.18271133700006,
                0.288355648000049,
                0.0
              ],
              [
                109.18254892600004,
                0.288278457000047,
                0.0
              ],
              [
                109.18246923600009,
                0.288236724000058,
                0.0
              ],
              [
                109.18238955400005,
                0.288194994000037,
                0.0
              ],
              [
                109.18223018200007,
                0.288111530000037,
                0.0
              ],
              [
                109.18207081100007,
                0.288028067000027,
                0.0
              ],
              [
                109.18191630400008,
                0.287936269000056,
                0.0
              ],
              [
                109.18189080900004,
                0.28791934700007,
                0.0
              ],
              [
                109.18176632300003,
                0.28783671900004,
                0.0
              ],
              [
                109.18169133200007,
                0.287786944000061,
                0.0
              ],
              [
                109.18161634100005,
                0.287737168000035,
                0.0
              ],
              [
                109.18146665700004,
                0.28763721100006,
                0.0
              ],
              [
                109.18132773900004,
                0.287522539000065,
                0.0
              ],
              [
                109.18118882100003,
                0.287407868000059,
                0.0
              ],
              [
                109.18111936100007,
                0.287350533000051,
                0.0
              ],
              [
                109.18104990100005,
                0.287293198000043,
                0.0
              ],
              [
                109.18091098300005,
                0.287178526000048,
                0.0
              ],
              [
                109.18084152400007,
                0.28712119100004,
                0.0
              ],
              [
                109.18077206400005,
                0.287063856000032,
                0.0
              ],
              [
                109.18064063600008,
                0.286940690000051,
                0.0
              ],
              [
                109.18057584800005,
                0.286878056000035,
                0.0
              ],
              [
                109.18051106000007,
                0.286815422000075,
                0.0
              ],
              [
                109.18038148600004,
                0.286690155000031,
                0.0
              ],
              [
                109.18031669900006,
                0.286627521000071,
                0.0
              ],
              [
                109.18025191100008,
                0.286564886000065,
                0.0
              ],
              [
                109.18012338200003,
                0.286438565000026,
                0.0
              ],
              [
                109.18006108800006,
                0.286373418000039,
                0.0
              ],
              [
                109.17999879300004,
                0.286308271000053,
                0.0
              ],
              [
                109.17987420400004,
                0.286177978000069,
                0.0
              ],
              [
                109.17981190900008,
                0.286112832000072,
                0.0
              ],
              [
                109.17974961400006,
                0.286047685000028,
                0.0
              ],
              [
                109.17963415100007,
                0.285926936000067,
                0.0
              ],
              [
                109.17962502500006,
                0.285917392000044,
                0.0
              ],
              [
                109.17949669500007,
                0.285791217000053,
                0.0
              ],
              [
                109.17942670800005,
                0.285734536000064,
                0.0
              ],
              [
                109.17935671900005,
                0.285677855000074,
                0.0
              ],
              [
                109.17921674500008,
                0.285564494000027,
                0.0
              ],
              [
                109.17907677000005,
                0.285451133000038,
                0.0
              ],
              [
                109.17870920000007,
                0.285819924000066,
                0.0
              ],
              [
                109.17860628700004,
                0.285922329000073,
                0.0
              ],
              [
                109.17848529300005,
                0.286053304000063,
                0.0
              ],
              [
                109.17765158700007,
                0.286658097000043,
                0.0
              ],
              [
                109.17572422400008,
                0.290906070000062,
                0.0
              ],
              [
                109.17542917100008,
                0.294342011000026,
                0.0
              ],
              [
                109.17383969100007,
                0.295436564000056,
                0.0
              ],
              [
                109.17140312200007,
                0.29725447200002,
                0.0
              ],
              [
                109.16868101900008,
                0.29921514800003,
                0.0
              ],
              [
                109.16644432600003,
                0.300795110000024,
                0.0
              ],
              [
                109.16375077600009,
                0.302755786000034,
                0.0
              ],
              [
                109.16160926100008,
                0.304364301000021,
                0.0
              ],
              [
                109.15889667500005,
                0.305144764000033,
                0.0
              ],
              [
                109.15642203600004,
                0.305820531000052,
                0.0
              ],
              [
                109.15436699500009,
                0.306399077000037,
                0.0
              ],
              [
                109.15216482700004,
                0.310240230000034,
                0.0
              ],
              [
                109.15164855400008,
                0.311015241000064,
                0.0
              ],
              [
                109.15134517200005,
                0.311479236000025,
                0.0
              ],
              [
                109.15125296800005,
                0.311577388000046,
                0.0
              ],
              [
                109.15124836700005,
                0.311582129000044,
                0.0
              ],
              [
                109.15115481500004,
                0.311678516000029,
                0.0
              ],
              [
                109.15097635600006,
                0.311812360000033,
                0.0
              ],
              [
                109.15087820300005,
                0.311883744000056,
                0.0
              ],
              [
                109.15066702600006,
                0.311975948000054,
                0.0
              ],
              [
                109.15054805300008,
                0.312008666000054,
                0.0
              ],
              [
                109.15044692600009,
                0.31201758900005,
                0.0
              ],
              [
                109.15035777200006,
                0.312019240000041,
                0.0
              ],
              [
                109.15028631200005,
                0.312020563000033,
                0.0
              ],
              [
                109.15014651900009,
                0.31204733200002,
                0.0
              ],
              [
                109.15003349400007,
                0.312074101000064,
                0.0
              ],
              [
                109.14994723900008,
                0.312112767000031,
                0.0
              ],
              [
                109.14989667500004,
                0.312142510000058,
                0.0
              ],
              [
                109.14985206100005,
                0.312207946000058,
                0.0
              ],
              [
                109.14982826600004,
                0.312282304000064,
                0.0
              ],
              [
                109.14979554800004,
                0.312362611000026,
                0.0
              ],
              [
                109.14974795900008,
                0.312422097000024,
                0.0
              ],
              [
                109.14969442100005,
                0.312481584000068,
                0.0
              ],
              [
                109.14963493500005,
                0.312511327000038,
                0.0
              ],
              [
                109.14958139700008,
                0.31252917300003,
                0.0
              ],
              [
                109.14949216700006,
                0.31252917300003,
                0.0
              ],
              [
                109.14940293700005,
                0.312535121000053,
                0.0
              ],
              [
                109.14928693900004,
                0.31253214700007,
                0.0
              ],
              [
                109.14920663200007,
                0.31253214700007,
                0.0
              ],
              [
                109.14909360700005,
                0.312552967000045,
                0.0
              ],
              [
                109.14896868600005,
                0.312579736000032,
                0.0
              ],
              [
                109.14881402100008,
                0.312630300000023,
                0.0
              ],
              [
                109.14870099600006,
                0.31267194000003,
                0.0
              ],
              [
                109.14852628800008,
                0.312751105000075,
                0.0
              ],
              [
                109.14837209900008,
                0.312895776000062,
                0.0
              ],
              [
                109.14830357100004,
                0.312935751000055,
                0.0
              ],
              [
                109.14824075300004,
                0.312964305000037,
                0.0
              ],
              [
                109.14816080300005,
                0.312983341000063,
                0.0
              ],
              [
                109.14807704600008,
                0.312989051000045,
                0.0
              ],
              [
                109.14801993900005,
                0.312987148000047,
                0.0
              ],
              [
                109.14795712100005,
                0.312977630000034,
                0.0
              ],
              [
                109.14789049600006,
                0.312956691000068,
                0.0
              ],
              [
                109.14782767900005,
                0.312933848000057,
                0.0
              ],
              [
                109.14775343900004,
                0.312905294000075,
                0.0
              ],
              [
                109.14767729700009,
                0.312882451000064,
                0.0
              ],
              [
                109.14756879300006,
                0.312871030000053,
                0.0
              ],
              [
                109.14734226900003,
                0.312865319000025,
                0.0
              ],
              [
                109.14712716500009,
                0.31285009100003,
                0.0
              ],
              [
                109.14704531200005,
                0.312821537000048,
                0.0
              ],
              [
                109.14699581900004,
                0.312800598000024,
                0.0
              ],
              [
                109.14696863600005,
                0.312778212000069,
                0.0
              ],
              [
                109.14696345800007,
                0.312773948000029,
                0.0
              ],
              [
                109.14693871200006,
                0.312739684000064,
                0.0
              ],
              [
                109.14689112300005,
                0.312709227000028,
                0.0
              ],
              [
                109.14684163000004,
                0.312674962000074,
                0.0
              ],
              [
                109.14677881200004,
                0.312652120000052,
                0.0
              ],
              [
                109.14670838000006,
                0.312636891000068,
                0.0
              ],
              [
                109.14663794800003,
                0.31262356600007,
                0.0
              ],
              [
                109.14654848000004,
                0.312625470000057,
                0.0
              ],
              [
                109.14644949500007,
                0.312631180000039,
                0.0
              ],
              [
                109.14635812400007,
                0.312646409000024,
                0.0
              ],
              [
                109.14630672700008,
                0.312661637000076,
                0.0
              ],
              [
                109.14627817400009,
                0.312682577000032,
                0.0
              ],
              [
                109.14624581300006,
                0.312733973000036,
                0.0
              ],
              [
                109.14623058400008,
                0.312768237000057,
                0.0
              ],
              [
                109.14620964500006,
                0.312806309000052,
                0.0
              ],
              [
                109.14617157400005,
                0.31285009100003,
                0.0
              ],
              [
                109.14612398500009,
                0.312882451000064,
                0.0
              ],
              [
                109.14606497400007,
                0.312909101000059,
                0.0
              ],
              [
                109.14595076000006,
                0.312956691000068,
                0.0
              ],
              [
                109.14584457200004,
                0.313006786000074,
                0.0
              ],
              [
                109.14570894300005,
                0.313056755000048,
                0.0
              ],
              [
                109.14561614400009,
                0.313066273000061,
                0.0
              ],
              [
                109.14556141700007,
                0.313068652000027,
                0.0
              ],
              [
                109.14551620700007,
                0.313040099000034,
                0.0
              ],
              [
                109.14548289400005,
                0.313009166000029,
                0.0
              ],
              [
                109.14543530500003,
                0.312980612000047,
                0.0
              ],
              [
                109.14537581900004,
                0.312980612000047,
                0.0
              ],
              [
                109.14530205500006,
                0.312985371000025,
                0.0
              ],
              [
                109.14520211800004,
                0.313018683000053,
                0.0
              ],
              [
                109.14511169800005,
                0.313042478000057,
                0.0
              ],
              [
                109.14500462300003,
                0.313061514000026,
                0.0
              ],
              [
                109.14491420300004,
                0.313080549000063,
                0.0
              ],
              [
                109.14481902500006,
                0.313113862000023,
                0.0
              ],
              [
                109.14474764100004,
                0.313147174000051,
                0.0
              ],
              [
                109.14461201200004,
                0.313180487000068,
                0.0
              ],
              [
                109.14450969500007,
                0.313206661000038,
                0.0
              ],
              [
                109.14440737800004,
                0.313237594000043,
                0.0
              ],
              [
                109.14430982000005,
                0.313270906000071,
                0.0
              ],
              [
                109.14423605700006,
                0.313287563000074,
                0.0
              ],
              [
                109.14413136000007,
                0.313313737000044,
                0.0
              ],
              [
                109.14405759700009,
                0.313335152000036,
                0.0
              ],
              [
                109.14399335200005,
                0.313387500000033,
                0.0
              ],
              [
                109.14396003900004,
                0.313423192000073,
                0.0
              ],
              [
                109.14391482900004,
                0.313480299000048,
                0.0
              ],
              [
                109.14388151700007,
                0.313508852000041,
                0.0
              ],
              [
                109.14384820500004,
                0.313527888000067,
                0.0
              ],
              [
                109.14375778500005,
                0.313535027000057,
                0.0
              ],
              [
                109.14369116000006,
                0.313539785000046,
                0.0
              ],
              [
                109.14359360200007,
                0.313546924000036,
                0.0
              ],
              [
                109.14353649500003,
                0.31356358000005,
                0.0
              ],
              [
                109.14349128500004,
                0.313592134000032,
                0.0
              ],
              [
                109.14345559400005,
                0.313627825000026,
                0.0
              ],
              [
                109.14340800400004,
                0.313661138000043,
                0.0
              ],
              [
                109.14331996400006,
                0.313699209000049,
                0.0
              ],
              [
                109.14327237500004,
                0.313703968000027,
                0.0
              ],
              [
                109.14321050900008,
                0.313701589000061,
                0.0
              ],
              [
                109.14313436600008,
                0.313682553000035,
                0.0
              ],
              [
                109.14308439800004,
                0.313663517000066,
                0.0
              ],
              [
                109.14303204900006,
                0.313634964000073,
                0.0
              ],
              [
                109.14296780400008,
                0.313613549000024,
                0.0
              ],
              [
                109.14289880000007,
                0.313601651000056,
                0.0
              ],
              [
                109.14283693400006,
                0.313606410000034,
                0.0
              ],
              [
                109.14276792900006,
                0.313634964000073,
                0.0
              ],
              [
                109.14270606300005,
                0.313668276000044,
                0.0
              ],
              [
                109.14261564400005,
                0.313739660000067,
                0.0
              ],
              [
                109.14254188000007,
                0.313782490000051,
                0.0
              ],
              [
                109.14244194300005,
                0.313825321000024,
                0.0
              ],
              [
                109.14233248800008,
                0.313832459000025,
                0.0
              ],
              [
                109.14227538100005,
                0.313827700000047,
                0.0
              ],
              [
                109.14220161800006,
                0.313811044000033,
                0.0
              ],
              [
                109.14214451100008,
                0.313782490000051,
                0.0
              ],
              [
                109.14204457300008,
                0.313734901000032,
                0.0
              ],
              [
                109.14196605100005,
                0.313711107000074,
                0.0
              ],
              [
                109.14184707800007,
                0.31368731200007,
                0.0
              ],
              [
                109.14178521200006,
                0.313689691000036,
                0.0
              ],
              [
                109.14177557200009,
                0.313692759000048,
                0.0
              ],
              [
                109.14252769100005,
                0.314326134000055,
                0.0
              ],
              [
                109.14523075900007,
                0.316591381000023,
                0.0
              ],
              [
                109.14871429000004,
                0.319599020000055,
                0.0
              ],
              [
                109.15239967800005,
                0.322974285000043,
                0.0
              ],
              [
                109.15355966500005,
                0.325413233000063,
                0.0
              ],
              [
                109.15418798000007,
                0.326714742000036,
                0.0
              ],
              [
                109.15424905700007,
                0.326861072000042,
                0.0
              ],
              [
                109.15439182500006,
                0.327196576000063,
                0.0
              ],
              [
                109.15447748500009,
                0.327346482000053,
                0.0
              ],
              [
                109.15457028400004,
                0.327496388000043,
                0.0
              ],
              [
                109.15464880600007,
                0.32761060200005,
                0.0
              ],
              [
                109.15478443600006,
                0.327731955000047,
                0.0
              ],
              [
                109.15492720300006,
                0.327824754000062,
                0.0
              ],
              [
                109.15533409100004,
                0.32791041400003,
                0.0
              ],
              [
                109.15631205000005,
                0.328188811000075,
                0.0
              ],
              [
                109.15720434800005,
                0.328417239000032,
                0.0
              ],
              [
                109.15754699000007,
                0.328552869000021,
                0.0
              ],
              [
                109.15773972600005,
                0.328617114000053,
                0.0
              ],
              [
                109.15788963200004,
                0.328652806000036,
                0.0
              ],
              [
                109.15808236900006,
                0.328724190000059,
                0.0
              ],
              [
                109.15808552300007,
                0.328725131000056,
                0.0
              ],
              [
                109.15891345300008,
                0.329160884000032,
                0.0
              ],
              [
                109.16013292600007,
                0.329993695000041,
                0.0
              ],
              [
                109.16141188700004,
                0.331064453000067,
                0.0
              ],
              [
                109.16240308100004,
                0.332635640000035,
                0.0
              ],
              [
                109.16290276800004,
                0.33348034900007,
                0.0
              ],
              [
                109.16352142800008,
                0.334455928000068,
                0.0
              ],
              [
                109.16409249800006,
                0.33505079300005,
                0.0
              ],
              [
                109.16523464000005,
                0.33652605900005,
                0.0
              ],
              [
                109.16605555400008,
                0.33745404900003,
                0.0
              ],
              [
                109.16688836500003,
                0.33869136900006,
                0.0
              ],
              [
                109.16719769500008,
                0.339143466000053,
                0.0
              ],
              [
                109.16775686800008,
                0.340333197000064,
                0.0
              ],
              [
                109.16813758200004,
                0.341011343000048,
                0.0
              ],
              [
                109.16856588500008,
                0.341689490000022,
                0.0
              ],
              [
                109.16904177700007,
                0.342462814000044,
                0.0
              ],
              [
                109.16958905300004,
                0.34321234500004,
                0.0
              ],
              [
                109.17007684300006,
                0.343819107000058,
                0.0
              ],
              [
                109.17065981100006,
                0.344390178000026,
                0.0
              ],
              [
                109.17140934100007,
                0.345199194000031,
                0.0
              ],
              [
                109.17169449700003,
                0.345666220000055,
                0.0
              ],
              [
                109.17192092500005,
                0.346162876000051,
                0.0
              ],
              [
                109.17203513900006,
                0.346607835000043,
                0.0
              ],
              [
                109.17207321000006,
                0.346931442000027,
                0.0
              ],
              [
                109.17238729900004,
                0.348016476000055,
                0.0
              ],
              [
                109.17264428100009,
                0.348939707000056,
                0.0
              ],
              [
                109.17439272800004,
                0.351933581000026,
                0.0
              ],
              [
                109.17583504400005,
                0.355789353000034,
                0.0
              ],
              [
                109.17643466800007,
                0.357274137000047,
                0.0
              ],
              [
                109.17748675500007,
                0.360718603000066,
                0.0
              ],
              [
                109.17750789900003,
                0.360903637000035,
                0.0
              ],
              [
                109.17772014700006,
                0.362099411000031,
                0.0
              ],
              [
                109.17806359300005,
                0.362993865000021,
                0.0
              ],
              [
                109.17823197300004,
                0.362941660000047,
                0.0
              ],
              [
                109.17840035400008,
                0.362889457000051,
                0.0
              ],
              [
                109.17856873500006,
                0.362837253000066,
                0.0
              ],
              [
                109.17873711600004,
                0.362785049000024,
                0.0
              ],
              [
                109.17890549700007,
                0.362732845000039,
                0.0
              ],
              [
                109.17907387800005,
                0.362680641000054,
                0.0
              ],
              [
                109.17924226000008,
                0.362628437000069,
                0.0
              ],
              [
                109.17941064100006,
                0.362576233000027,
                0.0
              ],
              [
                109.17957902100005,
                0.362524029000042,
                0.0
              ],
              [
                109.17974740200009,
                0.362471825000057,
                0.0
              ],
              [
                109.17991578300007,
                0.362419621000072,
                0.0
              ],
              [
                109.18008416500004,
                0.36236741700003,
                0.0
              ],
              [
                109.18025254600008,
                0.362315213000045,
                0.0
              ],
              [
                109.18042092700006,
                0.36226300900006,
                0.0
              ],
              [
                109.18058930800004,
                0.362210805000075,
                0.0
              ],
              [
                109.18075769000006,
                0.362158601000033,
                0.0
              ],
              [
                109.18092607000006,
                0.362106397000048,
                0.0
              ],
              [
                109.18109445100004,
                0.362054193000063,
                0.0
              ],
              [
                109.18126283300006,
                0.362001989000021,
                0.0
              ],
              [
                109.18143121400004,
                0.361949784000046,
                0.0
              ],
              [
                109.18159959500008,
                0.361897580000061,
                0.0
              ],
              [
                109.18176797600006,
                0.361845376000019,
                0.0
              ],
              [
                109.18193635800009,
                0.361793172000034,
                0.0
              ],
              [
                109.18210473900007,
                0.361740968000049,
                0.0
              ],
              [
                109.18227312000005,
                0.361688764000064,
                0.0
              ],
              [
                109.18244150100008,
                0.361636559000033,
                0.0
              ],
              [
                109.18260988200007,
                0.361584355000048,
                0.0
              ],
              [
                109.18277826400004,
                0.361532151000063,
                0.0
              ],
              [
                109.18294664500007,
                0.361479946000031,
                0.0
              ],
              [
                109.18307552600004,
                0.361403410000037,
                0.0
              ],
              [
                109.18320440700006,
                0.361326873000053,
                0.0
              ],
              [
                109.18333328800009,
                0.361250337000058,
                0.0
              ],
              [
                109.18346216900005,
                0.361173800000074,
                0.0
              ],
              [
                109.18361850800005,
                0.361116410000022,
                0.0
              ],
              [
                109.18377484600006,
                0.361059020000027,
                0.0
              ]
            ]
          ]
        ]
      }
    },
    {
      "type": "Feature",
      "properties": {
        "country_code": "id",
        "country": "Indonesia",
        "province_code": "id61",
        "province": "Kalimantan Barat",
        "regency_code": "id6104",
        "regency": "Mempawah",
        "district_code": "id6104091",
        "district": "Anjongan",
        "village_code": "id6104091004",
        "village": "Pak Bulu",
        "source": "HDX-BPS-2020",
        "date": "2019-12-20",
        "valid_on": "2020-04-01"
      },
      "geometry": {
        "type": "MultiPolygon",
        "coordinates": [
          [
            [
              [
                109.22512222200004,
                0.329397222000068,
                0.0
              ],
              [
                109.22598055600008,
                0.327566667000042,
                0.0
              ],
              [
                109.22355,
                0.325894444000028,
                0.0
              ],
              [
                109.22275796500008,
                0.325805488000071,
                0.0
              ],
              [
                109.21968452900006,
                0.325460297000063,
                0.0
              ],
              [
                109.21530169500005,
                0.324865539000029,
                0.0
              ],
              [
                109.21189549300004,
                0.324241611000048,
                0.0
              ],
              [
                109.20943655300005,
                0.323630167000033,
                0.0
              ],
              [
                109.20795510900007,
                0.323289146000036,
                0.0
              ],
              [
                109.20717522500007,
                0.322756260000062,
                0.0
              ],
              [
                109.20451950100005,
                0.325327438000045,
                0.0
              ],
              [
                109.20323459200006,
                0.326883605000035,
                0.0
              ],
              [
                109.20132150600006,
                0.329267825000045,
                0.0
              ],
              [
                109.20023647200009,
                0.330709779000074,
                0.0
              ],
              [
                109.19995093600005,
                0.331095251000022,
                0.0
              ],
              [
                109.19962257100008,
                0.331594938000023,
                0.0
              ],
              [
                109.19869458100004,
                0.332979784000031,
                0.0
              ],
              [
                109.19768093000005,
                0.334607336000033,
                0.0
              ],
              [
                109.19668155700003,
                0.336234887000046,
                0.0
              ],
              [
                109.19651023600005,
                0.336548976000074,
                0.0
              ],
              [
                109.19642457500004,
                0.33680595800007,
                0.0
              ],
              [
                109.19638174500005,
                0.336991556000044,
                0.0
              ],
              [
                109.19633891400008,
                0.337191430000075,
                0.0
              ],
              [
                109.19631036100009,
                0.337448412000072,
                0.0
              ],
              [
                109.19629608400004,
                0.337634010000045,
                0.0
              ],
              [
                109.19621277100003,
                0.339473996000038,
                0.0
              ],
              [
                109.19607209300005,
                0.345072867000056,
                0.0
              ],
              [
                109.19609588800006,
                0.346215009000048,
                0.0
              ],
              [
                109.19467614300004,
                0.351457754000023,
                0.0
              ],
              [
                109.19380587300009,
                0.35779859500002,
                0.0
              ],
              [
                109.19877984600004,
                0.356287651000059,
                0.0
              ],
              [
                109.20043993300004,
                0.355337770000062,
                0.0
              ],
              [
                109.20243868100005,
                0.35430270400002,
                0.0
              ],
              [
                109.20329528700006,
                0.353886299000067,
                0.0
              ],
              [
                109.20338689600004,
                0.353844658000071,
                0.0
              ],
              [
                109.20351062800006,
                0.353773274000048,
                0.0
              ],
              [
                109.20366291300007,
                0.353697132000036,
                0.0
              ],
              [
                109.20373905600007,
                0.353654301000063,
                0.0
              ],
              [
                109.20386278800004,
                0.353554364000047,
                0.0
              ],
              [
                109.20396272500005,
                0.353416355000036,
                0.0
              ],
              [
                109.20403886800005,
                0.353292623000073,
                0.0
              ],
              [
                109.20408645700007,
                0.353173650000031,
                0.0
              ],
              [
                109.20411501100006,
                0.353092749000041,
                0.0
              ],
              [
                109.20415308200006,
                0.353002329000049,
                0.0
              ],
              [
                109.20416735900005,
                0.352926186000047,
                0.0
              ],
              [
                109.20420543000006,
                0.352831008000067,
                0.0
              ],
              [
                109.20423398400004,
                0.352764383000022,
                0.0
              ],
              [
                109.20425302000007,
                0.352654928000049,
                0.0
              ],
              [
                109.20426253800008,
                0.352540714000042,
                0.0
              ],
              [
                109.20425302000007,
                0.352464571000041,
                0.0
              ],
              [
                109.20420543000006,
                0.352331321000065,
                0.0
              ],
              [
                109.20416260000007,
                0.352250419000029,
                0.0
              ],
              [
                109.20407218100007,
                0.352179035000063,
                0.0
              ],
              [
                109.20397224300007,
                0.352155241000048,
                0.0
              ],
              [
                109.20381519900008,
                0.352126687000066,
                0.0
              ],
              [
                109.20375809200004,
                0.352069580000034,
                0.0
              ],
              [
                109.20374381500005,
                0.351988679000044,
                0.0
              ],
              [
                109.20373905600007,
                0.351869706000059,
                0.0
              ],
              [
                109.20377712700008,
                0.351803081000071,
                0.0
              ],
              [
                109.20383899300003,
                0.351774527000032,
                0.0
              ],
              [
                109.20393893100004,
                0.351745974000039,
                0.0
              ],
              [
                109.20402935000004,
                0.351712661000022,
                0.0
              ],
              [
                109.20409597500009,
                0.35166507200006,
                0.0
              ],
              [
                109.20412928800005,
                0.351627001000054,
                0.0
              ],
              [
                109.20415308200006,
                0.351531822000027,
                0.0
              ],
              [
                109.20416735900005,
                0.351441403000024,
                0.0
              ],
              [
                109.20416735900005,
                0.351341465000075,
                0.0
              ],
              [
                109.20417211800009,
                0.351265322000074,
                0.0
              ],
              [
                109.20419115400006,
                0.351165385000058,
                0.0
              ],
              [
                109.20421494800007,
                0.351084483000022,
                0.0
              ],
              [
                109.20424350200005,
                0.35097502800005,
                0.0
              ],
              [
                109.20431012700004,
                0.350870332000056,
                0.0
              ],
              [
                109.20435771600006,
                0.35078943000002,
                0.0
              ],
              [
                109.20444813500006,
                0.350703770000052,
                0.0
              ],
              [
                109.20455759100008,
                0.350608591000025,
                0.0
              ],
              [
                109.20465276900006,
                0.350518172000022,
                0.0
              ],
              [
                109.20470511700006,
                0.350442029000021,
                0.0
              ],
              [
                109.20474318900006,
                0.350361127000042,
                0.0
              ],
              [
                109.20475746500006,
                0.350280226000052,
                0.0
              ],
              [
                109.20477174200005,
                0.350204083000051,
                0.0
              ],
              [
                109.20477174200005,
                0.350156494000032,
                0.0
              ],
              [
                109.20477650100008,
                0.350075592000053,
                0.0
              ],
              [
                109.20481933100007,
                0.349837646000026,
                0.0
              ],
              [
                109.20483360800006,
                0.349723432000076,
                0.0
              ],
              [
                109.20484788500005,
                0.34962349400007,
                0.0
              ],
              [
                109.20488595600006,
                0.349547352000059,
                0.0
              ],
              [
                109.20492402800005,
                0.349514039000042,
                0.0
              ],
              [
                109.20504776000007,
                0.349480727000071,
                0.0
              ],
              [
                109.20527142900005,
                0.349447414000053,
                0.0
              ],
              [
                109.20540467900008,
                0.349385548000043,
                0.0
              ],
              [
                109.20555696400004,
                0.34931416400002,
                0.0
              ],
              [
                109.20568069600006,
                0.34919995000007,
                0.0
              ],
              [
                109.20577587500009,
                0.349085736000063,
                0.0
              ],
              [
                109.20587581200004,
                0.349000076000038,
                0.0
              ],
              [
                109.20600906200008,
                0.348957245000065,
                0.0
              ],
              [
                109.20614707100009,
                0.34895248600003,
                0.0
              ],
              [
                109.20633266900006,
                0.348942969000063,
                0.0
              ],
              [
                109.20646591800005,
                0.348942969000063,
                0.0
              ],
              [
                109.20659440900005,
                0.348942969000063,
                0.0
              ],
              [
                109.20666579300007,
                0.348938210000028,
                0.0
              ],
              [
                109.20673717700004,
                0.348904897000068,
                0.0
              ],
              [
                109.20680856100006,
                0.348852549000071,
                0.0
              ],
              [
                109.20684187300009,
                0.348781165000048,
                0.0
              ],
              [
                109.20685615000008,
                0.348709781000025,
                0.0
              ],
              [
                109.20686090900006,
                0.348614603000044,
                0.0
              ],
              [
                109.20686090900006,
                0.34835286200007,
                0.0
              ],
              [
                109.20679904300005,
                0.348191059000044,
                0.0
              ],
              [
                109.20675145400008,
                0.348062568000046,
                0.0
              ],
              [
                109.20673934000007,
                0.348026227000048,
                0.0
              ],
              [
                109.20672765900008,
                0.347976907000032,
                0.0
              ],
              [
                109.20670386500007,
                0.347857934000046,
                0.0
              ],
              [
                109.20670386500007,
                0.347705649000034,
                0.0
              ],
              [
                109.20673241800006,
                0.347524810000039,
                0.0
              ],
              [
                109.20676573100008,
                0.347353489000056,
                0.0
              ],
              [
                109.20681332000004,
                0.347167891000026,
                0.0
              ],
              [
                109.20685615000008,
                0.346863320000068,
                0.0
              ],
              [
                109.20689898000006,
                0.346696757000075,
                0.0
              ],
              [
                109.20696560500005,
                0.34654923100004,
                0.0
              ],
              [
                109.20703698900007,
                0.346415981000064,
                0.0
              ],
              [
                109.20710361400006,
                0.34633032000005,
                0.0
              ],
              [
                109.20722734600008,
                0.34624941900006,
                0.0
              ],
              [
                109.20743673900006,
                0.346216106000043,
                0.0
              ],
              [
                109.20772227400005,
                0.34618755300005,
                0.0
              ],
              [
                109.20786980000008,
                0.346168517000024,
                0.0
              ],
              [
                109.20802208600008,
                0.34612568700004,
                0.0
              ],
              [
                109.20811250500009,
                0.346073339000043,
                0.0
              ],
              [
                109.20827906800008,
                0.345940089000067,
                0.0
              ],
              [
                109.20836472800005,
                0.345863946000065,
                0.0
              ],
              [
                109.20843611200007,
                0.345821116000025,
                0.0
              ],
              [
                109.20853605000008,
                0.345773526000073,
                0.0
              ],
              [
                109.20871213000004,
                0.345735455000067,
                0.0
              ],
              [
                109.20885013800006,
                0.34570214300004,
                0.0
              ],
              [
                109.20899290600005,
                0.34562124100006,
                0.0
              ],
              [
                109.20914995000004,
                0.345449920000021,
                0.0
              ],
              [
                109.20927844100004,
                0.345245286000022,
                0.0
              ],
              [
                109.20937837900004,
                0.345102518000033,
                0.0
              ],
              [
                109.20948783400007,
                0.34495023300002,
                0.0
              ],
              [
                109.20958777100009,
                0.344816983000044,
                0.0
              ],
              [
                109.20966391400009,
                0.344664698000031,
                0.0
              ],
              [
                109.20968295000006,
                0.344479100000058,
                0.0
              ],
              [
                109.20969722600006,
                0.344374403000074,
                0.0
              ],
              [
                109.20971150300005,
                0.344236395000053,
                0.0
              ],
              [
                109.20971150300005,
                0.344112663000033,
                0.0
              ],
              [
                109.20967343200005,
                0.344027002000075,
                0.0
              ],
              [
                109.20962108400005,
                0.343946100000039,
                0.0
              ],
              [
                109.20880784900004,
                0.343006519000028,
                0.0
              ],
              [
                109.20803828800007,
                0.342056231000072,
                0.0
              ],
              [
                109.20914235800007,
                0.341447089000042,
                0.0
              ],
              [
                109.21089364200009,
                0.340438197000026,
                0.0
              ],
              [
                109.21209289000006,
                0.339790984000047,
                0.0
              ],
              [
                109.21297885800004,
                0.339151118000075,
                0.0
              ],
              [
                109.21384914800007,
                0.338455494000073,
                0.0
              ],
              [
                109.21501877800006,
                0.337537226000052,
                0.0
              ],
              [
                109.21722033600008,
                0.336105512000074,
                0.0
              ],
              [
                109.21760577300006,
                0.335920909000038,
                0.0
              ],
              [
                109.21785561700005,
                0.335809075000043,
                0.0
              ],
              [
                109.21865931500008,
                0.335555063000072,
                0.0
              ],
              [
                109.21882406200007,
                0.335475858000052,
                0.0
              ],
              [
                109.21926480100007,
                0.335314606000054,
                0.0
              ],
              [
                109.21955509500003,
                0.335143284000026,
                0.0
              ],
              [
                109.21985014900008,
                0.334957686000052,
                0.0
              ],
              [
                109.22014520200008,
                0.334714981000047,
                0.0
              ],
              [
                109.22041646000008,
                0.334405651000054,
                0.0
              ],
              [
                109.22101132600005,
                0.333396760000028,
                0.0
              ],
              [
                109.22136348600009,
                0.332854243000043,
                0.0
              ],
              [
                109.22174895900008,
                0.332283172000075,
                0.0
              ],
              [
                109.22181082500003,
                0.332187994000037,
                0.0
              ],
              [
                109.22189648500006,
                0.332088056000032,
                0.0
              ],
              [
                109.22223436900003,
                0.331821557000069,
                0.0
              ],
              [
                109.22365728600005,
                0.330646103000049,
                0.0
              ],
              [
                109.22448058000003,
                0.330075032000025,
                0.0
              ],
              [
                109.22490412400003,
                0.329746667000052,
                0.0
              ],
              [
                109.22500406100005,
                0.329675283000029,
                0.0
              ],
              [
                109.22508844800007,
                0.329634777000024,
                0.0
              ],
              [
                109.22512222200004,
                0.329397222000068,
                0.0
              ]
            ]
          ]
        ]
      }
    }
  ]
}
